metric,value
Value at Risk (95%),-0.13256533096600182
Value at Risk (99%),-0.23903845564086196
Worst Case Return,-0.4453486433600311
Probability of Loss,0.18
